,pl,be,uk,ru,bg,sl,cs,en
0,w Australii,у Аўстраліі,в Австралії,в Австралии,в Австралия,v Avstraliji,v Austrálii,in Australia
1,w Austrii,у Аўстрыі,в Австрії,в Австрии,в Австрия,v Avstriji,v Rakousku,in Austria
2,w Azerbejdżanie,у Азербайджане,в Азербайджані,в Азербайджане,в Азербайджан,v Azerbajdžanu,v Ázerbájdžánu,in Azerbaijan
3,w Albanii,у Албаніі,в Албанії,в Албании,в Албания,v Albaniji,v Albánii,in Albania
4,w Algierii,у Алжыры,в Алжирі,в Алжире,в Алжир,v Alžiriji,v Alžírsku,in Algeria
5,w Angoli,у Анголе,в Анголі,в Анголе,в Ангола,v Angoli,v Angole,in Angola
6,w Andorze,у Андоры,в Андоррі,в Андорре,в Андора,v Andori,v Andoře,in Andorra
7,w Argentynie,у Аргенціне,в Аргентині,в Аргентине,в Аржентина,v Argentini,v Argentině,in Argentina
8,w Armenii,у Арменіі,у Вірменії,в Армении,в Армения,v Armeniji,v Arménii,in Armenia
9,w Afganistanie,у Афганістане,в Афганістані,в Афганистане,в Афганистан,v Afganistanu,v Afghánistánu,in Afghanistan
10,na Bahamach,на Багамах,на Багамах,на Багамах,на Бахамите,na Bahamih,na Bahamách,in the Bahamas
11,w Bangladeszu,ў Бангладэшы,у Бангладеш,в Бангладеше,в Бангладеш,v Bangladešu,v Bangladéši,in Bangladesh
12,na Barbadosie,ў Барбадосе,у Барбадосі,в Барбадосе,в Барбадос,na Barbadosu,na Barbadosu,in Barbados
13,w Bahrajnie,ў Бахрэйне,у Бахрейні,в Бахрейне,в Бахрейн,v Bahrainu,v Bahrajnu,in Bahrain
14,na Białorusi,ў Беларусі,у Білорусі,в Белоруссии,в Беларус,v Belorusiji,v Bělorusku,in Belarus
15,w Belgii,ў Бельгіі,у Бельгії,в Бельгии,в Белгия,v Belgiji,v Belgii,in Belgium
16,w Bośni i Hercegowinie,ў Босніі і Герцагавіне,у Боснії та Герцеговині,в Боснии и Герцеговине,в Босна и Херцеговина,v Bosni in Hercegovini,v Bosně a Hercegovině,in Bosnia and Herzegovina
17,w Botswanie,ў Батсване,у Ботсвані,в Ботсване,в Ботсвана,v Bocvani,v Botswaně,in Botswana
18,w Brazylii,ў Бразіліі,у Бразилії,в Бразилии,в Бразилия,v Braziliji,v Brazílii,in Brazil
19,w Brunei,ў Брунеі,у Брунеї,в Брунее,в Бруней,v Bruneju,v Bruneji,in Brunei
20,W Wielkiej Brytanii,ў Вялікабрытаніі,у Великобританії,в Великобритании,Във Великобритания,V Veliki Britaniji,Ve Velké Británii,in Great Britain
21,na Węgrzech,ў Венгрыі,в Угорщині,в Венгрии,в Унгария,na Madžarskem,v Maďarsku,in Hungary
22,w Wenezueli,ў Венесуэле,у Венесуелі,в Венесуэле,във Венецуела,v Venezueli,ve Venezuele,in Venezuela
23,w Wietnamie,ў В'етнаме,у В'єтнамі,во Вьетнаме,във Виетнам,v Vietnamu,ve Vietnamu,in Vietnam
24,w Gabonie,ў Габоне,у Габоні,в Габоне,в Габон,v Gabonu,v Gabonu,in Gabon
25,na Haiti,ў Гаіці,в Гаїті,в Гаити,в Хаити,na Haitiju,na Haiti,in Haiti
26,w Gwatemali,ў Гватэмале,у Гватемалі,в Гватемале,в Гватемала,v Gvatemali,v Guatemale,in Guatemala
27,w Gwinei,ў Гвінеі,у Гвінеї,в Гвинее,в Гвинея,v Gvineji,v Guineji,in Guinea
28,w Hondurasie,ў Гандурасе,у Гондурасі,в Гондурасе,в Хондурас,v Hondurasu,v Hondurasu,in Honduras
29,w Grecji,ў Грэцыі,У Греції,в Греции,в Гърция,v Grčiji,v Řecku,in Greece
30,W Georgii,ў Грузіі,у Грузії,в Грузии,в Грузия,v Gruziji,v Gruzii,in Georgia
31,w Danii,ў Даніі,у Данії,в Дании,в Дания,na Danskem,v Dánsku,in Denmark
32,w Egipcie,у Егіпце,в Єгипті,в Египте,в Египет,v Egiptu,v Egyptě,in Egypt
33,w Zimbabwe,ў Зімбабвэ,у Зімбабві,в Зимбабве,в Зимбабве,v Zimbabveju,v Zimbabwe,in Zimbabwe
34,w Izraelu,у Ізраілі,в Ізраїлі,в Израиле,в Израел,v Izraelu,v Izraeli,in Israel
35,w Indiach,у Індыі,в Індії,в Индии,в Индия,v Indiji,v Indii,in India
36,w Indonezji,у Інданезіі,в Індонезії,в Индонезии,в Индонезия,v Indoneziji,v Indonésii,in Indonesia
37,W jordanie,у Іарданіі,в Йорданії,в Иордании,в Йордания,v Jordaniji,v Jordánsku,in Jordan
38,w Iraku,у Іраку,в Іраку,в Ираке,в Ирак,v Iraku,v Iráku,in Iraq
39,w Iranie,у Іране,в Ірані,в Иране,в Иран,v Iranu,v Íránu,in Iran
40,w Irlandii,у Ірландыі,в Ірландії,в Ирландии,в Ирландия,na Irskem,v Irsku,in Ireland
41,w Islandii,у Ісландыі,в Ісландії,в Исландии,в Исландия,na Islandiji,na Islandu,in Iceland
42,w Hiszpanii,у Іспаніі,в Іспанії,в Испании,в Испания,v Španiji,ve Španělsku,in Spain
43,we Włoszech,у Італіі,в Італії,в Италии,в Италия,v Italiji,v Itálii,in Italy
44,w Jemenie,у Емене,в Ємені,в Йемене,в Йемен,v Jemnu,v Jemenu,in Yemen
45,W Kazachstanie,ў Казахстане,у Казахстані,в Казахстане,В Казахстан,V Kazahstanu,V Kazachstánu,In Kazakhstan
46,w Kambodży,ў Камбоджы,у Камбоджі,в Камбодже,в Камбоджа,v Kambodži,v Kambodži,in Cambodia
47,W Kanadzie,ў Канадзе,в Канаді,в Канаде,В Канада,V Kanadi,V Kanadě,In Canada
48,w Katarze,ў Катары,у Катарі,в Катаре,в Катар,v Katarju,v Kataru,in Qatar
49,w Kenii,ў Кеніі,у Кенії,в Кении,в Кения,v Keniji,v Keni,in Kenya
50,Na Cyprze,на Кіпры,на Кіпрі,на Кипре,В Кипър,na Cipru,Na Kypru,In Cyprus
51,w Kirgistanie,ў Кіргізіі,у Киргизії,в Киргизии,в Киргизстан,v Kirgizistanu,v Kyrgyzstánu,in Kyrgyzstan
52,w Chinach,ў Кітаі,в Китаї,в Китае,в Китай,na Kitajskem,v Číně,in China
53,w Kolumbii,ў Калумбіі,у Колумбії,в Колумбии,в Колумбия,v Kolumbiji,v Kolumbii,in Colombia
54,w Kongo,ў Конга,у Конго,в Конго,в Конго,v Kongu,v Kongu,in Congo
55,w Koreańskiej Republice Ludowo-Demokratycznej,ў Карэйскай Народна-Дэмакратычнай Рэспубліцы,у Корейській Народно-Демократичній Республіці,в Корейской Народно-Демократической Республике,в Корейската народнодемократична република,v Demokratični ljudski republiki Koreji,v Korejské lidově demokratické republice,in the Democratic People's Republic of Korea
56,w Korei Południowej,ў Паўднёвай Карэі,у Південній Кореї,в Южной Корее,в Южна Корея,v Južni Koreji,v Jižní Koreji,in South Korea
57,na Kubie,на Кубе,на Кубі,на Кубе,в Куба,na Kubi,na Kubě,in Cuba
58,w Kuwejcie,ў Кувейце,у Кувейті,в Кувейте,в Кувейт,v Kuvajtu,v Kuvajtu,in Kuwait
59,na Łotwie,ў Латвіі,в Латвії,в Латвии,в Латвия,v Latviji,v Lotyšsku,in Latvia
60,w Libanie,ў Ліване,у Лівані,в Ливане,в Ливан,v Libanonu,v Libanonu,in Lebanon
61,w Libii,ў Лівіі,у Лівії,в Ливии,в Либия,v Libiji,v Libyi,in Libya
62,na Litwie,ў Літве,в Литві,в Литве,в Литва,v Litvi,v Litvě,in Lithuania
63,w Liechtensteinie,ў Ліхтэнштэйне,у Ліхтенштейні,в Лихтенштейне,в Лихтенщайн,v Lihtenštajnu,v Lichtenštejnsku,in Liechtenstein
64,w Luksemburgu,ў Люксембургу,у Люксембурзі,в Люксембурге,в Люксембург,v Luksemburgu,v Lucembursku,in Luxembourg
65,w Mauretanii,ў Маўрытаніі,у Мавританії,в Мавритании,в Мавритания,v Mavretaniji,v Mauritánii,in Mauritania
66,na Madagaskarze,на Мадагаскары,на Мадагаскарі,на Мадагаскаре,в Мадагаскар,na Madagaskarju,na Madagaskaru,in Madagascar
67,w Malezji,ў Малайзіі,у Малайзії,в Малайзии,в Малайзия,v Maleziji,v Malajsii,in Malaysia
68,w Maliu,на Малі,на Малі,на Мали,в Мали,v Maliju,v Mali,in Mali
69,na Malediwach,на Мальдывах,на Мальдівах,на Мальдивах,на Малдивите,na Maldivih,na Maledivách,in the Maldives
70,na Malcie,на Мальце,на Мальті,на Мальте,в Малта,na Malti,na Maltě,in Malta
71,w Maroku,ў Марока,у Марокко,в Марокко,в Мароко,v Maroku,v Maroku,in Marocco
72,w Meksyku,ў Мексіцы,у Мексиці,в Мексике,в Мексико,v Mehiki,v Mexiku,in Mexico
73,w Mołdawii,ў Малдавіі,в Молдові,в Молдавии,в Молдова,v Moldaviji,v Moldavsku,in Moldavia
74,w Monako,ў Манака,у Монако,в Монако,в Монако,v Monaku,v Monaku,in Monaco
75,w Mongolii,ў Манголіі,У Монголії,В Монголии,В Монголия,V Mongoliji,V Mongolsku,In Mongolia
76,w Nigerii,ў Нігерыі,у Нігерії,в Нигерии,в Нигерия,v Nigeriji,v Nigérii,in Nigeria
77,w Holandii,ў Нідэрландах,у Нідерландах,в Нидерландах,в Холандия,na Nizozemskem,V Nizozemsku,in the Netherlands
78,w Nowej Zelandii,ў Новай Зеландыі,у Новій Зеландії,в Новой Зеландии,в Нова Зеландия,na Novi Zelandiji,na Novém Zélandu,in New Zealand
79,w Norwegii,ў Нарвегіі,в Норвегії,в Норвегии,в Норвегия,na Norveškem,v Norsku,in Norway
80,w Zjednoczonych Emiratach Arabskich,у Аб'яднаных Арабскіх Эміратах,в Об'єднаних Арабських Еміратах,в Объединенных Арабских Эмиратах,в Обединените арабски емирства,v Združenih arabskih emiratih,ve Spojených arabských emirátech,in the United Arab Emirates
81,w Omanie,у Амане,в Омані,в Омане,в Оман,v Omanu,v Ománu,in Oman
82,w Pakistanie,ў Пакістане,у Пакистані,в Пакистане,в Пакистан,v Pakistanu,v Pákistánu,in Pakistan
83,w Peru,ў Перу,у Перу,в Перу,в Перу,v Peruju,v Peru,in Peru
84,w Polsce,ў Польшчы,в Польщі,в Польше,в Полша,na Poljskem,v Polsku,in Poland
85,w Portugalii,ў Партугаліі,у Португалії,в Португалии,в Португалия,na Portugalskem,v Portugalsku,in Portugal
86,w Rosji,ў Расеі,в Росії,в России,в Русия,v Rusiji,v Rusku,in Russia
87,w Rumunii,ў Румыніі,у Румунії,в Румынии,в Румъния,v Romuniji,v Rumunsku,in Romania
88,W Arabii Saudyjskiej,ў Саудаўскай Аравіі,у Саудівській Аравії,в Саудовской Аравии,в Саудитска Арабия,v Savdski Arabiji,v Saúdské Arábii,in Saudi Arabia
89,w Macedonii,ў Македоніі,у Македонії,в Македонии,в Македония,v Makedoniji,v Makedonii,in Macedonia
90,w Serbii,ў Сербіі,у Сербії,в Сербии,в Сърбия,v Srbiji,v Srbsku,in Serbia
91,w Singapurze,ў Сінгапуры,у Сінгапурі,в Сингапуре,в Сингапур,v Singapurju,v Singapuru,in Singapore
92,w Syrii,ў Сірыі,у Сирії,в Сирии,в Сирия,v Siriji,v Sýrii,in Syria
93,na Słowacji,ў Славакіі,у Словаччині,в Словакии,в Словакия,na Slovaškem,na Slovensku,in Slovakia
94,w Słowenii,ў Славеніі,у Словенії,в Словении,в Словения,v Sloveniji,ve Slovinsku,in Slovenia
95,w Stanach Zjednoczonych Ameryki,ў Злучаных Штатах Амерыкі,у Сполучених Штатах Америки,в Соединенных Штатах Америки,в Съединените американски щати,v Združenih državah Amerike,ve Spojených státech amerických,in the United States of America
96,w Somalii,ў Самалі,у Сомалі,в Сомали,в Сомалия,v Somaliji,v Somálsku,in Somalia
97,w Sudanie,ў Судане,у Судані,в Судане,в Судан,v Sudanu,v Súdánu,in Sudan
98,W Tadżykistanie,ў Таджыкістане,У Таджикистані,В Таджикистане,В Таджикистан,V Tadžikistanu,V Tádžikistánu,In Tajikistan
99,w Tajlandii,ў Тайландзе,у Таїланді,в Таиланде,в Тайланд,na Tajskem,v Thajsku,in Thailand
100,w Tanzanii,ў Танзаніі,у Танзанії,в Танзании,в Танзания,v Tanzaniji,v Tanzanii,in Tanzania
101,w Tunezji,ў Тунісе,у Тунісі,в Тунисе,в Тунис,v Tuniziji,v Tunisku,in Tunisia
102,w Turkmenistanie,ў Туркменіі,у Туркменії,в Туркмении,в Туркменистан,v Turkmenistanu,v Turkmenistánu,in Turkmenistan
103,w Uzbekistanie,ва Узбекістане,в Узбекістані,в Узбекистане,в Узбекистан,v Uzbekistanu,v Uzbekistánu,in Uzbekistan
104,na Ukrainie,ва Украіне,на Україні,на Украине,в Украйна,v Ukrajini,na Ukrajině,in Ukraine
105,w Finlandii,ў Фінляндыі,у Фінляндії,в Финляндии,във Финландия,na Finskem,ve Finsku,in Finland
106,we Francji,ў Францыі,у Франції,во Франции,във Франция,v Franciji,ve Francii,in France
107,w Chorwacji,ў Харватыі,у Хорватії,в Хорватии,в Хърватия,na Hrvaškem,v Chorvatsku,in Croatia
108,w Czarnogórze,ў Чарнагорыі,у Чорногорії,в Черногории,в Черна гора,v Črni gori,v Černé Hoře,in Montenegro
109,w Czechach,ў Чэхіі,у Чехії,в Чехии,в Чехия,na Češkem,v České republice,in the Czech Republic
110,w Chile,ў Чылі,у Чилі,в Чили,в Чили,v Čilu,v Chile,in Chile
111,w Szwajcarii,ў Швейцарыі,в Швейцарії,в Швейцарии,в Швейцария,v Švici,ve Švýcarsku,in Switzerland
112,w Szwecji,ў Швецыі,в Швеції,в Швеции,в Швеция,na Švedskem,ve Švédsku,in Sweden
113,na Sri Lance,на Шры-Ланцы,на Шрі-Ланці,на Шри-Ланке,в Шри Ланка,na Šrilanki,na Srí Lance,in Sri Lanka
114,w Ekwadorze,у Эквадоры,в Еквадорі,в Эквадоре,в Еквадор,v Ekvadorju,v Ekvádoru,in Ecuador
115,w Gwinei,ў Гвінеі,у Гвінеї,в Гвинее,в Гвинея,v Gvineji,v Guineji,in Guinea
116,w Estonii,у Эстоніі,В Естоніі,в Эстонии,в Естония,v Estoniji,v Estonsku,in Estonia
117,w Sudanie,ў Судане,у Судані,в Судане,в Судан,v Sudanu,v Súdánu,in Sudan
118,w Japonii,у Японіі,в Японії,в Японии,в Япония,na Japonskem,v Japonsku,in Japan
119,na Jamajce,на Ямайцы,на Ямайці,на Ямайке,в Ямайка,na Jamajki,na Jamajce,in Jamaica
120,w Briańsku,ў Бранску,у Брянську,в Брянске,в Брянск,v Brjansku,v Brjansku,in Bryansk
121,w Ramenskom,ў Раменскім,у Раменському,в Раменском,в Раменское,v Ramenskoye,v Ramenskoje,in Ramenskoye
122,w Riazaniu,ў Разані,в Рязані,в Рязани,в Рязан,v Ryazanu,v Rjazani,in Ryazan
123,w Rybińsku,ў Рыбінску,у Рибінську,в Рыбинске,в Рибинск,v Rybinsku,v Rybinsku,in Rybinsk
124,w Sybaju,ў Сібаі,у Сібаї,в Сибае,в Сибай,v Sibayu,v Sibay,in Sibay
125,w Michajłowce,ў Міхайлаўцы,У Михайлівці,В Михайловке,в Михайловка,v Mihailovki,v Michajlovce,in Mikhailovka
126,w Kisielewsku,ў Кісялёўску,у Киселівську,в Киселевске,в Киселевск,v Kiselevsku,v Kiselevsku,in Kiselevsk
127,w Nowoczeboksarsku,ў Навачэбаксарску,у Новочебоксарську,в Новочебоксарске,в Новочебоксарск,v Novocheboksarsku,v Novocheboksarsku,in Novocheboksarsk
128,w Obnińsku,у Обнінску,в Обнінську,в Обнинске,в Обнинск,v Obninsku,v Obninsku,in Obninsk
129,w Odincowie,у Адзінцова,в Одинцовому,в Одинцово,в Одинцово,v Odintsovem,v Odintsovu,in Odintsovo
130,w Aczyńsku,у Ачынску,в Ачинську,в Ачинске,в Ачинск,v Ačinsku,v Achinsku,in Achinsk
131,w Muromie,ў Мураме,у Муромі,в Муроме,в Муром,v Muromu,v Muromu,in Murom
132,w Georgiewsku,ў Георгіеўску,у Георгіївську,в Георгиевске,в Георгиевск,v Georgievsku,v Georgijevsku,in Georgievsk
133,w Nieftekamsku,ў Нафцякамску,у Нефтекамську,в Нефтекамске,в Нефтекамск,v Neftekamsku,v Neftekamsku,in Neftekamsk
134,w Siewieromorsku,ў Паўночнаморску,у Північноморську,в Североморске,в Североморск,v Severomorsku,v Severomorsku,in Severomorsk
135,w Kostromie,ў Кастраме,у Костромі,в Костроме,в Кострома,v Kostromi,v Kostromě,in Kostroma
136,w Krasnokamsku,ў Краснакамску,у Краснокамську,в Краснокамске,в Краснокамск,v Krasnokamsku,v Krasnokamsku,in Krasnokamsk
137,w Łobnie,ў Лобні,у Лобні,в Лобне,в Лобня,v Lobnji,v Lobnyi,in Lobnya
138,w Tule,ў Туле,у Тулі,в Туле,в Тула,v Tuli,v Tule,in Tula
139,w Michajłowsku,ў Міхайлаўску,у Михайлівську,в Михайловске,в Михайловск,v Mihajlovsku,v Michajlovsku,in Mikhailovsk
140,w Chimkach,ў Хімках,у Хімках,в Химках,в Химки,v Khimkiju,v Chimki,in Khimki
141,w Kineszmie,ў Кінешме,у Кінешмі,в Кинешме,в Кинешма,v Kineshmi,v Kineshmě,in Kineshma
142,w Jużnosachalińsku,ў Паўднёва-Сахалінску,у Южно-Сахалінську,в Южно-Сахалинске,в Южно-Сахалинск,v Južno-Sahalinsku,v Južno-Sachalinsku,in Yuzhno-Sakhalinsk
143,we Szczekinie,ў Шчокіна,в Щекіне,в Щекино,в Щекино,v Shchekinu,v Shchekino,in Shchekino
144,w Magadanie,ў Магадане,у Магадані,в Магадане,в Магадан,v Magadanu,v Magadanu,in Magadan
145,w Ussuryjsku,ва Усурыйску,в Уссурійську,в Уссурийске,в Усурийск,v Ussuriysku,v Ussurijsku,in Ussuriysk
146,w Azowie,у Азове,в Азові,в Азове,в Азов,v Azovu,v Azovu,in Azov
147,w Chitie,ў Чыце,у Читі,в Чите,в Чита,v Chiti,v Chitě,in Chita
148,we Władykaukazie,ва Уладзікаўказе,у Владикавказі,во Владикавказе,във Владикавказ,v Vladikavkazu,ve Vladikavkazu,in Vladikavkaz
149,w Gubkinie,ў Губкіне,у Губкіні,в Губкине,в Губкин,v Gubkinu,v Gubkinu,in Gubkin
150,w Mieżdurieczeńsku,ў Міжрэчанску,у Міжріченську,в Междуреченске,в Междуреченск,v Mezhdurechensku,v Mezhdurechensku,in Mezhdurechensk
151,w Nieftiejugańsku,ў Нафцеюганску,у Нафтоюганську,в Нефтеюганске,в Нефтеюганск,v Nefteyugansku,v Neftejugansku,in Nefteyugansk
152,w Zelenodolsku,ў Зеленадольску,у Зеленодольську,в Зеленодольске,в Зеленодолск,v Zelenodolsku,v Zelenodolsku,in Zelenodolsk
153,w Czechowie,ў Чэхаве,у Чехові,в Чехове,в Чехов,v Čehovu,v Čechově,in Chekhov
154,w Woroneżu,у Варонежы,у Воронежі,в Воронеже,във Воронеж,v Voronežu,ve Voroněži,in Voronezh
155,w Zelenogorsku,ў Зеленагорску,у Зеленогірську,в Зеленогорске,в Зеленогорск,v Zelenogorsku,v Zelenogorsku,in Zelenogorsk
156,w Biełowie,ў Бялова,в Білово,в Белово,в Белово,v Belovem,v Belovu,in Belovo
157,w Gudermesie,ў Гудэрмесе,у Гудермесі,в Гудермесе,в Гудермес,v Gudermesu,v Gudermes,in Gudermes
158,w Bieriezowskim,ў Бярозаўскім,у Березівському,в Березовском,в Березовски,v Berezovskem,v Berezovském,in Berezovsky
159,w Ust-Ilimsku,ва Усць-Ілімску,в Усть-Ілімську,в Усть-Илимске,в Уст-Илимск,v Ust-Ilimsku,v Usť-Ilimsku,in Ust-Ilimsk
160,w Serpuchowie,ў Серпухаве,у Серпухові,в Серпухове,в Серпухов,v Serpuhovu,v Serpuchově,in Serpukhov
161,w Aleksinie,у Алексіне,в Олексині,в Алексине,в Алексин,v Aleksinu,v Aleksinu,in Aleksin
162,w Siewiersku,ў Северску,у Сіверську,в Северске,в Северск,v Seversku,v Seversku,in Seversk
163,w Izberbaszu,у Ізбербашы,в Ізбербаші,в Избербаше,в Избербаш,v Izberbashu,v Izberbashi,in Izberbash
164,w Wierchniej Pyszmie,у Верхняй Пышме,у Верхній Пишмі,в Верхней Пышме,във Верхня Пишма,v Verkhnyaya Pyshma,ve Verkhnyaya Pyshma,in Verkhnyaya Pyshma
165,w Gusie-Khrustalnym,ў Гусе-Крыштальным,в Гусі-Кришталевому,в Гусе-Хрустальном,в Гус-Хрустални,v Gus-Khrustalnyju,v Gus-Khrustalny,in Gus-Khrustalny
166,w Krasnokamieńsku,ў Краснакаменску,у Краснокаменську,в Краснокаменске,в Краснокаменск,v Krasnokamensku,v Krasnokamensku,in Krasnokamensk
167,w Klinie,ў Кліне,у Клині,в Клине,в Клин,v Klinu,v Klinu,in Klin
168,w Kurganie,ў Кургане,у Кургані,в Кургане,в Курган,v Kurganu,v Kurganu,in Kurgan
169,w Nowosybirsku,ў Новасібірску,В Новосибірську,в Новосибирске,в Новосибирск,v Novosibirsku,v Novosibirsku,in Novosibirsk
170,w Kaspijsku,ў Каспійску,у Каспійську,в Каспийске,в Каспийск,v Kaspijsku,v Kaspijsku,in Kaspiysk
171,w Norylsku,ў Нарыльску,у Норильську,в Норильске,в Норилск,v Norilsku,v Norilsku,in Norilsk
172,W Niżnym Nowogrodzie,ў Ніжнім Ноўгарадзе,у Нижньому Новгороді,в Нижнем Новгороде,В Нижни Новгород,V Nižnjem Novgorodu,V Nižním Novgorodu,In Nizhniy Novgorod
173,w Czelabińsku,ў Чэлябінску,у Челябінську,в Челябинске,в Челябинск,v Čeljabinsku,v Čeljabinsku,in Chelyabinsk
174,w Barnaule,ў Барнавуле,у Барнаулі,в Барнауле,в Барнаул,v Barnaulu,v Barnaul,in Barnaul
175,w Smoleńsku,ў Смаленску,у Смоленську,в Смоленске,в Смоленск,v Smolensku,ve Smolensku,in Smolensk
176,w Bugulmie,ў Бугульме,у Бугульмі,в Бугульме,в Бугулма,v Bugulmi,v Bugulmě,in Bugulma
177,w Surgutie,ў Сургуце,у Сургуті,в Сургуте,в Сургут,v Surgutu,v Surgutu,in Surgut
178,w Vyksie,у Выксе,у Виксі,в Выксе,във Викса,v Vyksi,ve Vykse,in Vyksa
179,w Shuje,ў Шуе,у Шуї,в Шуе,в Шуя,v Shuyi,v Shuya,in Shuya
180,w Żygulewsku,ў Жыгулёўску,у Жигулівську,в Жигулевске,в Жигулевск,v Žigulevsku,v Žigulevsku,in Zhigulevsk
181,w Sterlitamaku,ў Сцерлітамаку,у Стерлітамаку,в Стерлитамаке,в Стерлитамак,v Sterlitamaku,ve Sterlitamaku,in Sterlitamak
182,w Uljanowsku,ва Ульянаўску,в Ульяновську,в Ульяновске,в Уляновск,v Uljanovsku,v Uljanovsku,in Ulyanovsk
183,w Zarechnym,ў Зарэчным,у Зарічному,в Заречном,в Заречни,v Zarechnyju,v Zarechném,in Zarechny
184,w Łytkarinie,ў Лыткарына,в Литкаріне,в Лыткарино,в Литкарино,v Lytkarinu,v Lytkarinu,in Lytkarino
185,w Armavirze,у Армавіры,в Армавірі,в Армавире,в Армавир,v Armavirju,v Armaviru,in Armavir
186,w Biełogorsku,ў Белагорску,у Білогірську,в Белогорске,в Белогорск,v Belogorsku,v Belogorsku,in Belogorsk
187,w Aleksandrowie,у Аляксандраве,в Олександрові,в Александрове,в Александров,v Aleksandrovu,v Alexandrově,in Alexandrov
188,w Szadrińsku,ў Шадрынску,у Шадрінську,в Шадринске,в Шадринск,v Šadrinsku,v Shadrinsku,in Shadrinsk
189,w Rostowie nad Donem,ў Растове-на-Доне,у Ростові-на-Дону,в Ростове-на-Дону,в Ростов на Дон,v Rostovu na Donu,v Rostově na Donu,in Rostov-on-Don
190,w Kropotkinie,ў Крапоткіне,у Кропоткіні,в Кропоткине,в Кропоткин,v Kropotkinu,v Kropotkinu,in Kropotkin
191,w Puszkinie,ў Пушкіна,в Пушкіне,в Пушкино,в Пушкино,v Puškinu,v Pushkino,in Pushkino
192,w Mineralnych Wodach,ў Мінеральных Водах,у Мінеральних Водах,в Минеральных Водах,в Минерални Води,v Mineralnih Vodah,v Minerálních Vodách,in Mineralnye Vody
193,w Revdie,ў Рэўдзе,у Ревді,в Ревде,в Ревда,v Revdi,v Revdě,in Revda
194,w Borisoglebsku,ў Барысаглебску,у Борисоглібську,в Борисоглебске,в Борисоглебск,v Borisoglebsku,v Borisoglebsku,in Borisoglebsk
195,w Krasnodarze,ў Краснадары,у Краснодарі,в Краснодаре,в Краснодар,v Krasnodarju,v Krasnodaru,in Krasnodar
196,w Noworosyjsku,ў Наварасійску,в Новоросійську,в Новороссийске,в Новоросийск,v Novorossiysku,v Novorossijsku,in Novorossiysk
197,w Buzuluku,ў Бузулуку,у Бузулуку,в Бузулуке,в Бузулук,v Buzuluku,v Buzuluku,in Buzuluk
198,w Irkucku,у Іркуцку,в Іркутську,в Иркутске,в Иркутск,v Irkutsku,v Irkutsku,in Irkutsk
199,w Neryungriach,ў Нярунграх,у Нерюнгрях,в Нерюнгрях,в Нерюнгри,v Neryungriju,v Neryungri,in Neryungry
200,W Wołgogradzie,у Валгаградзе,у Волгограді,в Волгограде,във Волгоград,V Volgogradu,Ve Volgogradu,In Volgograd
201,w Ishimie,у Ішыме,в Ішимі,в Ишиме,в Ишим,v Ishimu,v Ishim,in Ishim
202,w Shali,ў Шалі,у Шалі,в Шали,в Шали,v Shaliju,v Šali,in Shali
203,w Miczurinsku,ў Мічурынску,у Мічурінську,в Мичуринске,в Мичуринск,v Michurinsk,v Michurinsku,in Michurinsk
204,w Wotkińsku,ў Воткінску,у Воткінську,в Воткинске,във Воткинск,v Votkinsku,ve Votkinsku,in Votkinsk
205,w Wyborgu,у Выбарзе,у Виборзі,в Выборге,във Виборг,v Vyborgu,ve Vyborgu,in Vyborg
206,w Nazraniu,ў Назрані,у Назрані,в Назрани,в Назран,v Nazranu,v Nazrani,in Nazran
207,w Apatitach,у Апатытах,в Апатитах,в Апатитах,в Апатити,v Apatitih,v Apatity,in Apatity
208,w Sierowu,ў Сярова,у Сірові,в Серове,в Серов,v Serovu,v Serově,in Serov
209,w Kamieńsku-Szachtinskim,ў Каменску-Шахцінскім,у Кам'янську-Шахтинському,в Каменске-Шахтинском,в Каменск-Шахтински,v mestu Kamensk-Shakhtinsky,v Kamensku-Šachtinském,in Kamensk-Shakhtinsky
210,w Soczi,ў Сочы,в Сочи,в Сочи,в Сочи,v Sočiju,v Soči,in Sochi
211,w Jegoriewsku,у Ягор'еўску,в Єгорьєвську,в Егорьевске,в Егориевск,v Jegorjevsku,v Jegorjevsku,in Yegoryevsk
212,w Piatigorsku,ў Пяцігорску,у П'ятигорську,в Пятигорске,в Пятигорск,v Pjatigorsku,v Pjatigorsku,in Pyatigorsk
213,w Krymsku,ў Крымску,у Кримську,в Крымске,в Кримск,v Krimsku,v Krymsku,in Krymsk
214,w Sarowie,ў Сарове,у Сарові,в Сарове,в Саров,v Sarovu,v Sarově,in Sarov
215,w Tiumeni,ў Цюмені,у Тюмені,в Тюмени,в Тюмен,v Tjumenu,v Ťumenu,in Tyumen
216,w Żukowskim,ў Жукоўскім,у Жуківському,в Жуковском,в Жуковски,v Žukovskem,v Žukovském,in Zhukovsky
217,w Tomsku,ў Томску,у Томську,в Томске,В Томск,V Tomsku,V Tomsku,In Tomsk
218,w Abakanie,у Абакане,в Абакані,в Абакане,в Абакан,v Abakanu,v Abakanu,in Abakan
219,w Magnitogorsku,ў Магнітагорску,у Магнітогорську,в Магнитогорске,в Магнитогорск,v Magnitogorsku,v Magnitogorsku,in Magnitogorsk
220,w Sarańsku,ў Саранску,у Саранську,в Саранске,в Саранск,v Saransku,v Saransku,in Saransk
221,w Oktiabrskim,ў Кастрычніцкім,у Жовтневому,в Октябрьском,в Октябрски,v Oktjabrskem,v Oktyabrském,in Oktyabrsky
222,w Artemie,у Арцёме,в Артемі,в Артеме,в Артем,v Artemu,v Artem,in Artem
223,w Krasnoturyńsku,ў Краснатур'інску,у Краснотур'їнську,в Краснотурьинске,в Краснотуринск,v Krasnoturinsku,v Krasnoturinsku,in Krasnoturinsk
224,w Liskiu,ў Ліскі,у Лисках,в Лисках,в Лиски,v Liski,v Liski,in Liski
225,we Wsiewołożsku,у Всеволожске,у Всеволожську,во Всеволожске,във Всеволожск,v Vsevolozhsku,ve Vsevolozhsku,in Vsevolozhsk
226,w Permie,ў Пермі,в Пермі,в Перми,в Перм,V Permu,V Perm,In Perm
227,w Niżniewartowsku,ў Ніжневартаўску,у Нижньовартівську,в Нижневартовске,в Нижневартовск,v Nizhnevartovsku,v Nižněvartovsku,in Nizhnevartovsk
228,w Kołomnej,ў Каломне,у Коломні,в Коломне,в Коломна,v Kolomni,v Kolomně,in Kolomna
229,w Iskitimie,у Іскітыме,в Іскітімі,в Искитиме,в Искитим,v Iskitimu,v Iskitimu,in Iskitim
230,w Kogałymie,ў Кагалыме,у Когалимі,в Когалыме,в Когалим,v Kogalymu,v Kogalymu,in Kogalym
231,w Sarapuli,ў Сарапуле,у Сарапулі,в Сарапуле,в Сарапул,v Sarapulu,v Sarapul,in Sarapul
232,w Gatchinie,ў Гатчыне,у Гатчині,в Гатчине,в Гатчина,v Gatchini,v Gatchina,in Gatchina
233,we Włodzimierzu,ва Уладзіміры,у Володимирі,во Владимире,във Владимир,v Vladimirju,ve Vladimíru,in Vladimir
234,w Chistopolu,ў Чыстапалі,у Чистополі,в Чистополе,в Чистопол,v Chistopolu,v Chistopolu,in Chistopol
235,w Angarsku,у Ангарску,в Ангарську,в Ангарске,в Ангарск,v Angarsku,v Angarsku,in Angarsk
236,w Czerkiesku,ў Чаркеску,у Черкеську,в Черкесске,в Черкеск,v Čerkesku,v Cherkessku,in Cherkessk
237,w Czernogorsku,ў Чарнагорску,у Чорногорську,в Черногорске,в Черногорск,v Černogorsku,v Černogorsku,in Chernogorsk
238,w Nowoaltajsku,ў Новаалтайску,у Новоалтайську,в Новоалтайске,в Новоалтайск,v Novoaltajsku,v Novoaltajsku,in Novoaltaysk
239,w Arseniewie,у Арсеньеве,в Арсеньєві,в Арсеньеве,в Арсениев,v Arsenjevu,v Arsenievu,in Arseniev
240,w Kemerowie,ў Кемерава,у Кемерово,в Кемерово,в Кемерово,v Kemerovu,v Kemerovu,in Kemerovo
241,w Bijsku,ў Бійску,у Бійську,в Бийске,в Бийск,v Biysku,v Bijsku,in Biysk
242,w Donskom,ў Данскім,у Донському,в Донском,в Донской,v Donskem,v Donsku,in Donskoy
243,w Klincach,ў Клінцах,у Клинцях,в Клинцах,в Клинци,v Klintsy,v Klintsy,in Klintsy
244,w Ozersku,у Азёрску,в Озерську,в Озерске,в Озерск,v Ozersku,v Ozersku,in Ozersk
245,w Ufa,ва Уфе,в Уфі,в Уфе,в Уфа,v Ufi,v Ufě,in Ufa
246,w Majkopie,ў Майкопе,у Майкопі,в Майкопе,в Майкоп,v Maykopu,v Maykopu,in Maykop
247,w Samarze,ў Самары,в Самарі,в Самаре,в Самара,v Samari,v Samaře,in Samara
248,w Chasawjurcie,ў Хасавюрце,у Хасавюрті,в Хасавюрте,в Хасавюрт,v Khasavyurtu,v Khasavjurt,in Khasavyurt
249,w Kaliningradzie,ў Калінінградзе,в Калінінграді,в Калининграде,в Калининград,v Kaliningradu,v Kaliningradu,in Kaliningrad
250,w Almetyevsku,у Альмецьеўску,в Альметьєвську,в Альметьевске,в Алметиевск,v Almetjevsku,v Almetěvsku,in Almetyevsk
251,w Jejsku,ў Ейску,в Єйську,в Ейске,в Ейск,v Yeysku,v Yeysku,in Yeysk
252,w Omsku,у Омску,в Омську,в Омске,в Омск,v Omsku,v Omsku,in Omsk
253,w Troicku,ў Траецку,у Троїцьку,в Троицке,в Троицк,v Troitsku,v Troitsku,in Troitsk
254,w Moskwie,ў Маскве,у Москві,в Москве,в Москва,v Moskvi,v Moskvě,in Moscow
255,w Wołgodońsku,у Валгадонску,у Волгодонську,в Волгодонске,във Волгодонск,v Volgodonsku,ve Volgodonsku,in Volgodonsk
256,w Buynaksku,ў Буйнакску,у Буйнакську,в Буйнакске,в Буйнакск,v Buynaksku,v Buynaksku,in Buynaksk
257,w Taganrogu,ў Таганрозе,у Таганрозі,в Таганроге,в Таганрог,v Taganrogu,v Taganrogu,in Taganrog
258,w Kałudze,ў Калузе,у Калузі,в Калуге,в Калуга,v Kalugi,v Kaluze,in Kaluga
259,w Belorechensku,ў Беларэчанск,у Білоріченську,в Белореченске,в Белореченск,v Belorechensku,v Bělorečensku,in Belorechensk
260,w Archangielsku,у Архангельску,в Архангельську,в Архангельске,в Архангелск,v Arhangelsku,v Archangelsku,in Arkhangelsk
261,w Dzierżyńskim,ў Дзяржынскім,у Дзержинському,в Дзержинском,в Дзержински,v Dzeržinskem,v Dzeržinském,in Dzerzhinsky
262,w Chanty-Mansyjsku,ў Ханты-Мансійску,у Ханти-Мансійську,в Ханты-Мансийске,в Ханти-Мансийск,v Khanty-Mansiysku,v Chanty-Mansijsku,in Khanty-Mansiysk
263,w Elektrostalu,ў Электрасталі,в Електросталі,в Электростали,в Електростал,v Elektrostalu,v Elektrostalu,in Elektrostal
264,w Anzhero-Sudzhensku,у Анжэра-Суджэнску,в Анжеро-Судженську,в Анжеро-Судженске,в Анжеро-Судженск,v Anžeru-Sudžensku,v Anžeru-Sudžensku,in Anzhero-Sudzhensk
265,we Stupinie,ў Ступіна,в Ступіно,в Ступино,до Ступино,v Stupino,do Stupina,to Stupino
266,w Elistie,ў Элісце,в Елісті,в Элисте,в Елиста,v Elisti,v Elista,in Elista
267,w Jełabuge,у Елабузе,в Єлабузі,в Елабуге,в Елабуга,v Yelabugi,v Yelabuga,in Yelabuga
268,w Czeboksarach,ў Чабаксарах,у Чебоксарах,в Чебоксарах,в Чебоксари,v Čeboksariju,v Čeboksarech,in Cheboksary
269,w Petersburgu,ў Санкт-Пецярбургу,в Санкт-Петербурзі,в Санкт-Петербурге,в Санкт Петербург,v Sankt Peterburgu,v Petrohradě,in St. Petersburg
270,w Lubiercach,ў Люберцах,у Люберцях,в Люберцах,в Люберци,v mestu Lyubertsy,v Ljubertsy,in Lyubertsy
271,w Nachodce,ў Знаходцы,у Знахідці,в Находке,в Находка,v Nakhodki,v Nachodce,in Nakhodka
272,w Minusińsku,ў Мінусінску,у Мінусинську,в Минусинске,в Минусинск,v Minusinsku,v Minusinsku,in Minusinsk
273,w Siergijew Posadzie,ў Сергіевым Пасадзе,у Сергієвому Посаді,в Сергиевом Посаде,в Сергиев Посад,v Sergijevem Posadu,v Sergiev Posad,in Sergiev Posad
274,w Kamyszynie,ў Камышыне,у Камишині,в Камышине,в Камишин,v Kamyshinu,v Kamyšinu,in Kamyshin
275,w Salsku,ў Сальску,у Сальську,в Сальске,в Салск,v Salsku,v Salsku,in Salsk
276,w Biełgorodzie,ў Белгарадзе,у Білгороді,в Белгороде,в Белгород,v Belgorodu,v Belgorodu,in Belgorod
277,w Kungurze,ў Кунгуры,у Кунгурі,в Кунгуре,в Кунгур,v Kungurju,v Kunguru,in Kungur
278,w Machaczkale,ў Махачкале,у Махачкалі,в Махачкале,в Махачкала,v Mahačkali,v Machačkale,in Makhachkala
279,w Tichorecku,ў Ціхарэцку,у Тихорецьку,в Тихорецке,в Тихорецк,v Tihorecsku,v Tichoretsku,in Tikhoretsk
280,w Swobodnym,ў Свабодным,у Вільному,в Свободном,в Свободни,v Svobodnem,ve Svobodných,in Svobodny
281,w Bałaszychie,ў Балашысе,у Балашихі,в Балашихе,в Балашиха,v Balashikhi,v Balashikha,in Balashikha
282,w Nowokuźniecku,ў Новакузнецку,у Новокузнецьку,в Новокузнецке,в Новокузнецк,v Novokuznetsku,v Novokuzněcku,in Novokuznetsk
283,w Pervouralsku,ў Першаўральску,у Первоуральську,в Первоуральске,в Первоуральск,v Pervouralsku,v Pervouralsku,in Pervouralsk
284,w Podolsku,ў Падольску,у Подільську,в Подольске,в Подолск,v Podolsku,v Podolsku,in Podolsk
285,w Joszkar-Oła,ў Йошкар-Оле,у Йошкар-Олі,в Йошкар-Оле,в Йошкар-Ола,v Yoshkar-Oli,v Yoshkar-Ola,in Yoshkar-Ola
286,w Rubcowsk,ў Рубцоўску,у Рубцовську,в Рубцовске,в Рубцовск,v Rubcovsku,v Rubcovsku,in Rubtsovsk
287,w Meleuzie,ў Мелеузе,у Мелеузі,в Мелеузе,в Мелеуз,v Meleuzu,v Meleuz,in Meleuz
288,we Friazinie,ў Фразіна,у Фрязіному,во Фрязино,във Фрязино,v Fryazinu,ve Fryazinu,in Fryazino
289,w Astrachaniu,у Астрахані,в Астрахані,в Астрахани,в Астрахан,v Astrahanu,v Astrachani,in Astrakhan
290,w Nalczyku,ў Нальчыку,у Нальчику,в Нальчике,в Налчик,v Nalčiku,v Nalčiku,in Nalchik
291,w Żeleznogorsku,ў Жалезнагорску,у Залізногірську,в Железногорске,в Железногорск,v Železnogorsku,v Železnogorsku,in Zheleznogorsk
292,w Górnoałtajsku,ў Горна-Алтайску,у Горно-Алтайську,в Горно-Алтайске,в Горно-Алтайск,v Gorno-Altajsku,v Gorno-Altajsku,in Gorno-Altaisk
293,w Kowrowie,ў Дыване,у Коврові,в Коврове,в Ковров,v Kovrovu,v Kovrově,in Kovrov
294,w Woskriesiensku,у Васкрасенску,у Воскресенську,в Воскресенске,във Воскресенск,v Voskresensku,ve Voskresensku,in Voskresensk
295,w Czapajewsku,ў Чапаеўску,у Чапаєвську,в Чапаевске,в Чапаевск,v Čapajevsku,v Čapajevsku,in Chapaevsk
296,w Sunzhe,ў Сунжы,у Сунжі,в Сунже,в Сунжа,v Sunži,v Sunzha,in Sunzha
297,w Tobolsku,ў Табольску,у Тобольську,в Тобольске,в Тоболск,v Tobolsku,v Tobolsku,in Tobolsk
298,w Dubnej,ў Дубне,у Дубні,в Дубне,в Дубна,v Dubni,v Dubně,in Dubna
299,w Salechardzie,ў Салехардзе,у Салехарді,в Салехарде,в Салехард,v Salehardu,v Salechardu,in Salekhard
300,w Arzamasie,у Арзамасе,в Арзамасі,в Арзамасе,в Арзамас,v Arzamasu,v Arzamas,in Arzamas
301,w Nowouralsku,ў Новаўральску,у Новоуральську,в Новоуральске,в Новоуральск,v Novouralsku,v Novouralsku,in Novouralsk
302,w Rossoszu,ў Россошы,в Росоші,в Россоши,в Росош,v Rossoshu,v Rossosh,in Rossosh
303,w Dimitrowgradzie,ў Дзімітраўградзе,у Димитровграді,в Димитровграде,в Димитровград,v Dimitrovgradu,v Dimitrovgradu,in Dimitrovgrad
304,we Sławiańsku nad Kubaniem,ў Славянску-на-Кубані,у Слов'янську-на-Кубані,в Славянске-на-Кубани,в Славянск-на-Кубан,v Slavjansku na Kubanu,ve Slavjansku na Kubáni,in Slavyansk-on-Kuban
305,we Wielkim Łuku,у Вялікіх Луках,у Великих Луках,в Великих Луках,във Велики Луки,v Velikih Lukih,ve Velikiye Luki,in Velikiye Luki
306,w Złatoustu,ў Залатавусце,у Златоусті,в Златоусте,в Златоуст,v Zlatoustu,ve Zlatoustu,in Zlatoust
307,w Jarosławiu,у Яраслаўлі,в Ярославлі,в Ярославле,в Ярославъл,v Jaroslavlju,v Jaroslavli,in Yaroslavl
308,w Ułan-Ude,ва Улан-Удэ,в Улан-Уде,в Улан-Удэ,в Улан-Уде,v Ulan-Udeju,v Ulan-Ude,in Ulan-Ude
309,w Kirowie,ў Кіраве,у Кірові,в Кирове,в Киров,v Kirovu,v Kirově,in Kirov
310,we Wolsku,у Вольску,у Вольську,в Вольске,във Волск,v Volsku,ve Volsku,in Volsk
311,w Nabierieżnych Czełnach,ў Набярэжных Чоўнах,у Набережних Човнах,в Набережных Челнах,в Набережни Челни,v Naberežnih Čelnih,v Naberezhnye Chelny,in Naberezhnye Chelny
312,w Wołogdzie,у Волагдзе,у Вологді,в Вологде,във Вологда,v Vologdi,ve Vologdě,in Vologda
313,we Wiazmie,у Вязьме,у Вязьмі,в Вязьме,във Вязма,v Vyazmi,ve Vjazmě,in Vyazma
314,w Nowotroicku,ў Наватроіцку,у Новотроїцьку,в Новотроицке,в Новотроицк,v Novotroicku,v Novotroitsku,in Novotroitsk
315,w Iwantejewce,у Іванцееўцы,в Івантіївці,в Ивантеевке,в Ивантеевка,v Ivanteevki,v Ivanteevce,in Ivanteevka
316,w Prochladnym,ў Прахалодным,у Прохолодному,в Прохладном,в Прохладни,v Prohladnem,v Prochhladném,in Prokhladny
317,w Azbestu,у Асбесце,в Асбесті,в Асбесте,в Азбест,v Azbestu,v Asbestu,in Asbest
318,w Nowym Urengoju,ў Новым Урэнгоі,у Новому Уренгої,в Новом Уренгое,в Нови Уренгой,v Novem Urengoju,v Novém Urengoji,in Novy Urengoy
319,we Sertołowie,ў Сертолава,у Сертоловому,в Сертолово,до Сертолово,v Sertolovo,do Sertolova,to Sertolovo
320,w Jurdze,у Юргу,у Юрзі,в Юрге,в Юрга,v Yurgi,v Yurgě,in Yurga
321,w Salavatu,ў Салаваце,у Салаваті,в Салавате,в Салават,v Salavatu,v Salavatu,in Salavat
322,w Błagowieszczeńsku,ў Благавешчанску,у Благовіщенську,в Благовещенске,в Благовещенск,v Blagoveščensku,v Blagoveščensku,in Blagoveshchensk
323,w Jelecie,у Ельцы,в Єльці,в Ельце,в Елец,v Yeletsu,v Yelets,in Yelets
324,w Chabarowsku,ў Хабараўску,у Хабаровську,в Хабаровске,в Хабаровск,v Habarovsku,v Chabarovsku,in Khabarovsk
325,w Nowoczerkasku,ў Новачаркаску,у Новочеркаську,в Новочеркасске,в Новочеркаск,v Novočerkasku,v Novočerkassku,in Novocherkassk
326,w Leninogorsku,ў Ленінагорску,у Леніногорську,в Лениногорске,в Лениногорск,v Leninogorsku,v Leninogorsku,in Leninogorsk
327,w Togliatti,ў Тальяці,у Тольятті,в Тольятти,в Толиати,v Togliattiju,v Togliatti,in Tolyatti
328,w Krasnogorsku,ў Краснагорску,у Красногірську,в Красногорске,в Красногорск,v Krasnogorsku,v Krasnogorsku,in Krasnogorsk
329,w Orelu,у Арле,в Орлі,в Орле,в Орел,v Orelu,v Orelu,in Orel
330,w Gelendżyku,ў Геленджыку,у Геленджику,в Геленджике,в Геленджик,v Gelendžiku,v Gelendžiku,in Gelendzhik
331,w Berdsku,ў Бердску,у Бердську,в Бердске,в Бердск,v Berdsku,v Berdsku,in Berdsk
332,w Wołżskim,у Волжскім,у Волзькому,в Волжском,във Волжски,v Volžskem,ve Volžském,in Volzhsky
333,we Władywostoku,ва Уладзівастоку,у Владивостоку,во Владивостоке,във Владивосток,v Vladivostoku,ve Vladivostoku,in Vladivostok
334,we Rżewie,ў Ржэве,у Ржеві,во Ржеве,в Ржев,v Rževu,v Rževu,in Rzhev
335,w Niżnym Tagile,ў Ніжнім Тагіле,у Нижньому Тагілі,в Нижнем Тагиле,в Нижни Тагил,v Nižnem Tagilu,v Nižném Tagilu,in Nizhny Tagil
336,w Naro-Fominsku,ў Нара-Фамінску,у Наро-Фомінську,в Наро-Фоминске,в Наро-Фоминск,v Naro-Fominsku,v Naro-Fominsku,in Naro-Fominsk
337,w Tambowie,ў Тамбове,у Тамбові,в Тамбове,в Тамбов,v Tambovu,v Tambově,in Tambov
338,w Starym Oskolu,ў Старым Асколе,у Старому Осколі,в Старом Осколе,в Стари Оскол,v Starem Oskolu,ve Starém Oskolu,in Stary Oskol
339,w Biełorecku,ў Беларэцку,у Білорецьку,в Белорецке,в Белорецк,v Belorecku,v Beloretsku,in Beloretsk
340,w Siewierodwińsku,ў Северадзвінску,у Сєвєродвінську,в Северодвинске,в Северодвинск,v Severodvinsku,v Severodvinsku,in Severodvinsk
341,w Wielkim Nowogrodzie,у Вялікім Ноўгарадзе,у Великому Новгороді,в Великом Новгороде,във Велики Новгород,v Velikem Novgorodu,ve Velkém Novgorodu,in Veliky Novgorod
342,w Orenburgu,у Арэнбургу,в Оренбурзі,в Оренбурге,в Оренбург,v Orenburgu,v Orenburgu,in Orenburg
343,w Kiriszu,ў Кірышах,у Кірішах,в Киришах,в Кириши,v Kirišiju,v Kirishi,in Kirishi
344,w Kańsku,ў Канску,у Канську,в Канске,в Канск,v Kansku,v Kansku,in Kansk
345,w Czerepowcu,ў Чарапаўцы,у Череповці,в Череповце,в Череповец,v Čerepovcu,v Čerepovci,in Cherepovets
346,w Pawłowskim Posadzie,ў Паўлаўскім Пасадзе,у Павлівському Посаді,в Павловском Посаде,в Павловски Посад,v Pavlovskem Posadu,v Pavlovském Posadu,in Pavlovsky Posad
347,w Urus-Martan,ва Урус-Мартане,в Урус-Мартані,в Урус-Мартане,в Урус-Мартан,v Urus-Martanu,v Urus-Martan,in Urus-Martan
348,w Budennowsku,ў Будзёнаўску,у Будьоннівську,в Буденновске,в Буденовск,v Budennovsku,v Budennovsku,in Budennovsk
349,we Kstowie,ў Кстова,у Кстово,в Кстово,в Кстово,v Kstovu,v Kstově,in Kstovo
350,w Kyzylu,ў Кызыле,у Кизили,в Кызыле,в Кизил,v Kyzylu,v Kyzylu,in Kyzyl
351,w Uchtai,у Ухце,в Ухті,в Ухте,в Ухта,v Ukhti,v Ukhtě,in Ukhta
352,w Saratowie,ў Саратаве,у Саратові,в Саратове,в Саратов,v Saratovu,v Saratově,in Saratov
353,w Domodiedowie,ў Дамадзедаве,у Домодєдово,в Домодедово,в Домодедово,v Domodedovu,v Domodědově,in Domodedovo
354,w Sosnowym Borze,ў Сасновым Бары,у Сосновому Бору,в Сосновом Бору,в Соснови Бор,v Sosnovym Boru,v Sosnově Boru,in Sosnovy Bor
355,w Groznym,ў Грозным,у Грозному,в Грозном,в Грозни,v Groznem,v Grozném,in Grozny
356,w Łyświe,ў Лысьве,у Лисві,в Лысьве,в Лисва,v Lysvi,v Lysvě,in Lysva
357,w Belebeju,ў Белебеі,у Белебеї,в Белебее,в Белебей,v Belebeju,v Belebey,in Belebey
358,w Tichwinie,ў Ціхвіне,у Тихвіні,в Тихвине,в Тихвин,v Tikhvinu,v Tikhvinu,in Tikhvin
359,w Pawłowie,ў Паўлава,в Павлове,в Павлово,в Павлово,v Pavlovem,v Pavlovu,in Pavlovo
360,w Nowokujbyszewsku,ў Навакуйбышэўску,у Новокуйбишевську,в Новокуйбышевске,в Новокуйбишевск,v Novokuibyshevsku,v Novokujbyševsku,in Novokuibyshevsk
361,we Pskowie,ў Пскове,у Пскові,в Пскове,в Псков,v Pskovu,v Pskově,in Pskov
362,w Usole Syberyjskim,ва Усолле-Сібірскім,в Усоллі-Сибірському,в Усолье-Сибирском,в Усолие-Сибирски,v mestu Usolye-Sibirsky,v Usolye-Sibirsky,in Usolye-Sibirsky
363,w Lipiecku,ў Ліпецку,у Липецьку,в Липецке,в Липецк,v Lipetsku,v Lipetsku,in Lipetsk
364,w Kopejsku,ў Капейску,у Копійську,в Копейске,в Копейск,v Kopeysku,v Kopejsku,in Kopeysk
365,w Dzierżyńsku,ў Дзяржынску,у Дзержинську,в Дзержинске,в Дзержинск,v Dzeržinsku,v Dzeržinsku,in Dzerzhinsk
366,w Timaszevsku,ў Цімашэўску,у Тімашевську,в Тимашевске,в Тимашевск,v Timashevsku,v Timaševsku,in Timashevsk
367,w Kisłowodzku,ў Кіславодску,у Кисловодську,в Кисловодске,в Кисловодск,v Kislovodsku,v Kislovodsku,in Kislovodsk
368,w Niewinnomyssku,ў Нявіннамыску,у Невинномиську,в Невинномысске,в Невиномисск,v Nevinnomyssku,v Nevinnomyssku,in Nevinnomyssk
369,w Kotlasie,ў Котласе,у Котласі,в Котласе,в Котлас,v Kotlasu,v Kotlasu,in Kotlas
370,w Bracku,ў Брацку,у Братську,в Братске,в Братск,v Bratsku,v Bratsku,in Bratsk
371,w Bałakowie,ў Балакова,в Балаково,в Балаково,в Балаково,v Balakovem,v Balakovu,in Balakovo
372,we Twerze,ў Цверы,у Твері,в Твери,в Твер,v Tverju,v Tveru,in Tver
373,w Syzraniu,ў Сызрані,у Сизрані,в Сызрани,в Сизран,v Syzranu,v Syzrani,in Syzran
374,w Birobidżanie,ў Бірабіджане,у Біробіджані,в Биробиджане,в Биробиджан,v Birobidžanu,v Birobidžanu,in Birobidzhan
375,w Iżewsku,у Іжэўску,в Іжевську,в Ижевске,в Ижевск,v Iževsku,v Iževsku,in Izhevsk
376,w Kursku,ў Курску,у Курську,в Курске,в Курск,v Kursku,v Kursku,in Kursk
377,w Lesosibirsku,ў Лесасібірску,у Лісосибірську,в Лесосибирске,в Лесосибирск,v Lesosibirsku,v Lesosibirsku,in Lesosibirsk
378,w Murino,ў Мурына,у Муріному,в Мурино,в Мурино,v Murinu,v Murinu,in Murino
379,w Polewskim,ў Палеўскім,у Полівському,в Полевском,в Полевской,v Polevskoyju,v Polevskoy,in Polevskoy
380,w Lenińsku Kuźnieckim,ў Ленінску-Кузнецкім,у Ленінську-Кузнецькому,в Ленинске-Кузнецком,в Ленинск-Кузнецки,v Leninsk-Kuznetsky,v Leninsk-Kuzněckij,in Leninsk-Kuznetsky
381,w Jessentukach,у Есентуках,у Єсентуках,в Ессентуках,в Есентуки,v Essentukiju,v Essentuki,in Essentuki
382,w Pietrozawodsku,ў Петразаводску,у Петрозаводську,в Петрозаводске,в Петрозаводск,v Petrozavodsku,v Petrozavodsku,in Petrozavodsk
383,w Niagani,ў Нягані,у Нягані,в Нягани,в Няган,v Nyaganu,v Nyaganu,in Nyagan
384,w Widnym,ў Бачным,у Видно,в Видном,във Видное,v Vidnem,ve Vidnoe,in Vidnoe
385,w Murmańsku,ў Мурманску,у Мурманську,в Мурманске,в Мурманск,v Murmansku,v Murmansku,in Murmansk
386,w Prokopiewsku,ў Пракоп'еўску,у Прокоп'євську,в Прокопьевске,в Прокопьевск,v Prokopjevsku,v Prokopjevsku,in Prokopyevsk
387,w Krasnojarsku,ў Краснаярску,у Красноярську,в Красноярске,в Красноярск,v Krasnojarsku,v Krasnojarsku,in Krasnoyarsk
388,we Dmitrowie,ў Дзмітраве,у Дмитрові,в Дмитрове,в Дмитров,v Dmitrovu,v Dmitrově,in Dmitrov
389,w Szachtach,ў Шахтах,у Шахтах,в Шахтах,в мини,v rudnikih,v dolech,in Mines
390,w Solikamsku,ў Салікамску,у Солікамську,в Соликамске,в Соликамск,v Solikamsku,v Solikamsku,in Solikamsk
391,w Bataysku,ў Батайску,у Батайську,в Батайске,в Батайск,v Bataysku,v Bataysku,in Bataysk
392,w Aleksandrii,у Александрыі,в Олександрії,в Александрии,в Александрия,v Aleksandriji,v Alexandrii,in Alexandria
393,w Ałczewsku,у Алчевске,в Алчевську,в Алчевске,в Алчевск,v Alčevsku,v Alčevsku,in Alchevsk
394,w Białej Cerkwi,ў Белай Царкве,у Білій Церкві,в Белой Церкви,в Бела Церков,v Belaya Cerkov,v Belaya Cerkov,in Belaya Tserkov
395,w Berdiańsku,ў Бердзянску,у Бердянську,в Бердянске,в Бердянск,v Berdjansku,v Berdjansku,in Berdyansk
396,w Browarach,ў Броварах,у Броварах,в Броварах,в Бровари,v Brovaryh,v Brovary,in Brovary
397,w Winnicy,у Вінніцы,у Вінниці,в Виннице,във Виница,v Vinnitsa,ve Vinnitsa,in Vinnitsa
398,w Gorłowce,ў Горлаўцы,у Горлівці,в Горловке,в Горловка,v Gorlovki,v Gorlovce,in Gorlovka
399,w Dnieprze,ў Дняпры,у Дніпрі,в Днепре,в Днепър,v Dnipru,v Dněpru,in Dnipro
400,w Doniecku,ў Данецку,в Донецьку,в Донецке,В Донеск,V Donesku,V Doněsku,In Donesk
401,w Eupatorii,у Еўпаторыі,в Євпаторії,в Евпатории,в Евпатория,v Evpatoriji,v Evpatoria,in Evpatoria
402,w Jenakijewem,у Енакіева,в Єнакієвому,в Енакиево,в Енакиево,v Enakievu,v Enakievo,in Enakievo
403,w Żytomierzu,ў Жытоміры,у Житомирі,в Житомире,в Житомир,v Žitomirju,v Žitomiru,in Zhitomir
404,w Zaporożu,ў Запарожжы,в Запоріжжі,в Запорожье,в Запорожие,v Zaporožju,v Záporoží,in Zaporozhye
405,w Iwano-Frankiwsku,у Івана-Франкоўску,в Івано-Франківську,в Ивано-Франковске,в Ивано-Франковск,v Ivano-Frankivsku,v Ivano-Frankivsku,in Ivano-Frankivsk
406,w Kamieńcu Podolskim,ў Камянцы-Падольскім,у Кам'янці-Подільському,в Каменце-Подольском,в Каменец-Подолск,v Kamenetz-Podolsku,v Kamenetz-Podolsku,in Kamenetz-Podolsk
407,w Kamieńskim,ў Каменскім,у Кам'янському,в Каменском,в Каменское,v mestu Kamenskoye,v Kamenskoje,in Kamenskoye
408,w Kerczu,ў Керчы,у Керчі,в Керчи,в Керч,v Kerču,v Kerči,in Kerch
409,w Kijowie,ў Кіеву,в Києві,в Киеве,в Киев,v Kijevu,v Kyjevě,in Kyiv
410,w Konstantinowce,ў Канстанцінаўцы,у Костянтинівці,в Константиновке,в Константиновка,v Konstantinovki,v Konstantinovce,in Konstantinovka
411,w Kramatorsku,ў Краматорску,у Краматорську,в Краматорске,в Краматорск,v Kramatorsku,v Kramatorsku,in Kramatorsk
412,w Krzemieńczuku,ў Крамянчугу,у Кременчуці,в Кременчуге,в Кременчуг,v Kremenčugu,v Kremenčugu,in Kremenchug
413,w Krzywym Rogu,ў Крывым Рогу,у Кривому Розі,в Кривом Роге,в Кривой Рог,v Krivoj Rogu,v Krivoj Rog,in Krivoy Rog
414,w Kropywnyckim,ў Крапіўніцкім,у Кропивницькому,в Кропивницком,в Кропивницки,v Kropivnytskyi,v Kropyvnickém,in Kropyvnytskyi
415,w Lisiczańsku,ў Лісічанск,у Лисичанську,в Лисичанске,в Лисичанск,v Lisičansku,v Lisičansku,in Lisichansk
416,w Ługańsku,ў Луганску,в Луганську,в Луганске,в Луганск,v Lugansku,v Lugansku,in Lugansk
417,w Łucku,ў Луцку,у Луцьку,в Луцке,в Луцк,v Lutsku,v Lucku,in Lutsk
418,we Lwowie,ў Львове,у Львові,во Львове,в Лвов,v Lvivu,ve Lvově,in Lviv
419,w Makiejewce,ў Макееўцы,у Макіївці,в Макеевке,в Макеевка,v Makeevki,v Makeevce,in Makeevka
420,w Mariupolu,ў Марыупалі,у Маріуполі,в Мариуполе,в Мариупол,v Mariupolu,v Mariupolu,in Mariupol
421,w Melitopolu,ў Мелітопалі,у Мелітополі,в Мелитополе,в Мелитопол,v Melitopolu,v Melitopolu,in Melitopol
422,w Mikołajowie,ў Мікалаеве,у Миколаєві,в Николаеве,в Николаев,v Nikolajevu,v Nikolajevu,in Nikolaev
423,w Nikopolu,ў Нікаполі,у Нікополі,в Никополе,в Никопол,v Nikopolu,v Nikopoli,in Nikopol
424,w Odessie,у Адэсе,в Одесі,в Одессе,в Одеса,v Odesi,v Oděse,in Odessa
425,w Pawłohradzie,ў Паўлаградзе,у Павлограді,в Павлограде,в Павлоград,v Pavlogradu,v Pavlogradu,in Pavlograd
426,w Połtawie,ў Палтаве,у Полтаві,в Полтаве,в Полтава,v Poltavi,v Poltavě,in Poltava
427,w Równem,ў Роўна,у Рівному,в Ровно,в Ровно,v Rivneh,v Rovném,in Rivne
428,w Sewastopolu,ў Севастопалі,у Севастополі,в Севастополе,в Севастопол,v Sevastopolu,v Sevastopolu,in the Sevastopol
429,w Siewierodoniecku,ў Севераданецку,у Сєвєродонецьку,в Северодонецке,в Северодонецк,v Severodonetsku,v Severodoněcku,in Severodonetsk
430,w Symferopolu,ў Сімферопалі,в Сімферополі,в Симферополе,в Симферопол,v Simferopolu,v Simferopolu,in Simferopol
431,w Słowiańsku,ў Славянску,у Слов'янську,в Славянске,в Славянск,v Slavjansku,ve Slavjansku,in Slavyansk
432,w Stachanowie,ў Стаханаве,у Стаханові,в Стаханове,в Стаханов,v Stahanovu,ve Stachanově,in Stakhanov
433,w Sumach,ў Сумах,у Сумах,в Сумах,в Суми,v Sumyju,v Sumy,in Sumy
434,w Tarnopolu,ў Цярнопалі,у Тернополі,в Тернополе,в Тернопол,v Ternopilu,v Ternopilu,in Ternopil
435,w Użgorodzie,ва Ужгарадзе,в Ужгороді,в Ужгороде,в Ужгород,v Užgorodu,v Užhorodě,in Uzhgorod
436,w Charkowie,ў Харкаве,в Харкові,в Харькове,в Харков,v Harkovu,v Charkově,in Kharkov
437,w Chersoniu,ў Херсоне,у Херсоні,в Херсоне,в Херсон,v Khersonu,v Chersonu,in Kherson
438,w Chmielnickim,ў Хмяльніцкім,у Хмельницькому,в Хмельницком,в Хмелницки,v Hmelnitskem,v Chmelnickém,in Khmelnitsky
439,w Czerkasach,ў Чаркасах,у Черкасах,в Черкассах,в Черкаси,v Čerkasih,v Čerkasích,in Cherkasy
440,w Czernihowie,ў Чарнігаве,у Чернігові,в Чернигове,в Чернигов,v Černihovu,v Chernihiv,in Chernihiv
441,w Czerniowcach,ў Чарнаўцах,у Чернівцях,в Черновцах,в Черновци,v Černivcih,v Černovicích,in Chernivtsi
442,w Warszawie,у Варшаве,у Варшаві,в Варшаве,във Варшава,v Varšavi,ve Varšavě,in Warsaw
443,w Kaliszu,ў Калішы,у Каліші,в Калише,в Калиш,v Kaliszu,v Kalisz,in Kalisz
444,w Koszalinie,ў Кашаліне,у Кошаліні,в Кошалине,в Кошалин,v Koszalinu,v Koszalinu,in Koszalin
445,w Tarnowie,ў Тарнуве,у Тарнуві,в Тарнуве,в Тарнов,v Tarnowu,v Tarnow,in Tarnow
446,w Chorzowie,ў Хожуве,у Хожуві,в Хожуве,в Хожов,v Chorzowu,v Chorzowě,in Chorzow
447,we Włocławku,ва Улацлаўку,у Влоцлавеку,во Влоцлавеке,във Влоцлавек,v Wloclawku,ve Wloclawku,in Wloclawek
448,w Wałbrzychu,у Валбжыху,у Валбжиху,в Валбжихе,във Валбжих,v Walbrzychu,ve Walbrzychu,in Walbrzych
449,w Płocku,ў Плоцку,у Плоцьку,в Плоцке,в Плоцк,v Plocku,v Plocku,in Plock
450,w Opolu,у Аполе,в Ополе,в Ополе,в Ополе,v Opoleju,v Opole,in Opole
451,w Olsztynie,у Ольштыне,в Ольштині,в Ольштыне,в Олщин,v Olsztynu,v Olsztyně,in Olsztyn
452,w Toruniu,ў Торуні,у Торуні,в Торуни,в Торун,v Torunu,v Toruni,in Torun
453,w Sosnowcu,ў Сасноўцы,у Сосновці,в Сосновце,в Сосновец,v Sosnowiecu,v Sosnowci,in Sosnowiec
454,w Częstochowie,ў Чэнстахове,у Ченстохові,в Ченстохове,в Ченстохова,v Czestochowi,v Čenstochové,in Czestochowa
455,w Gdyni,ў Гдыні,у Гдині,в Гдыне,в Гдиня,v Gdyniji,v Gdyni,in Gdynia
456,w Białymstoku,ў Беластоку,у Білостоці,в Белостоке,в Бялисток,v Bialystoku,v Bialystoku,in Bialystok
457,w Katowicach,ў Катавіцы,в Катовіце,в Катовице,в Катовице,v Katowicah,v Katovicích,in Katowice
458,w Lublinie,ў Любліне,у Любліні,в Люблине,в Люблин,v Lublinu,v Lublinu,in Lublin
459,w Bydgoszczy,ў Быдгашчы,у Бидгощі,в Быдгощи,в Бидгошч,v Bydgoszczu,v Bydhošti,in Bydgoszcz
460,w Szczecinie,ў Шчэціне,у Щецині,в Щецине,в Шчечин,v Szczecinu,ve Štětíně,in Szczecin
461,w Gdańsku,ў Гданьску,у Гданську,в Гданьске,в Гданск,v Gdansku,v Gdaňsku,in Gdansk
462,w Poznaniu,ў Познані,у Познані,в Познани,в Познан,v Poznanu,v Poznani,in Poznań
463,we Wrocławiu,ва Уроцлаве,у Вроцлаві,во Вроцлаве,във Вроцлав,v Wroclawu,ve Vratislavi,in Wroclaw
464,w Łodzi,ў Лодзі,у Лодзі,в Лодзи,в Лодз,v Lodzu,v Lodži,in Lodz
465,w Krakowie,ў Кракаве,у Кракові,в Кракове,в Краков,v Krakovu,v Krakově,in Krakow
466,w Mińsku,у Мінску,в Мінську,в Минске,В Минск,V Minsku,V Minsku,In Minsk
467,w Homelu,у Гомелі,у Гомелі,в Гомеле,в Гомел,v Gomel,v Gomelu,in Gomel
468,w Witebsku,у Віцебску,у Вітебську,в Витебске,във Витебск,v Vitebsku,ve Vitebsku,in Vitebsk
469,w Mohylewie,у Магілёве,у Могильові,в Могилеве,в Могилев,v Mogilevu,v Mogilevu,in Mogilev
470,w Grodnie,у Гродне,у Гродно,в Гродно,в Гродно,v Grodnem,v Grodně,in Grodno
471,w Brześciu,у Брэсце,у Бресті,в Бресте,в Брест,v Brestu,v Brestu,in Brest
472,w Bobrujsku,у Бабруйску,у Бобруйску,в Бобруйске,в Бобруйск,v Bobrujsku,v Bobruisku,in Bobruisk
473,w Baranowiczach,у Баранавічах,у Барановичах,в Барановичах,в Барановичи,v Baranovičih,v Baranovichi,in Baranovichi
474,w Borysowie,у Барысаве,у Борисові,в Борисове,в Борисов,v Borisovu,v Borisově,in Borisov
475,w Pińsku,у Пінску,у Пінську,в Пинске,в Пинск,v Pinsku,v Pinsku,in Pinsk
476,w Orszaju,у Оршы,в Орші,в Орше,в Орша,v Orši,v Orsha,in Orsha
477,w Mozyrze,у Мазыры,у Мозирі,в Мозыре,в Мозир,v Mozirju,v Mozyru,in Mozyr
478,w Lidzie,у Лідзе,у Ліді,в Лиде,в Лида,v Lidi,v Lídě,in Lida
479,w Soligorsku,у Салігорску,у Солігорську,в Солигорске,в Солигорск,v Soligorsku,v Soligorsku,in Soligorsk
480,w Nowopołocku,у Наваполацку,у Новополоцьку,в Новополоцке,в Новополоцк,v Novopolotsku,v Novopolotsku,in Novopolotsk
